datum;eid;seitentitel;aufrufe
2025-06-24;1.;Ich brauche Redezeit. | REDEZEIT FÜR DICH #virtualsupporttalks;20
2025-06-24;2.;Willkommen | REDEZEIT FÜR DICH #virtualsupporttalks;13
2025-06-24;3.;Warum das Emotionsrad dein Verständnis für Gefühle vertiefen kann | REDEZEIT FÜR DICH #virtualsupporttalks;11
2025-06-24;4.;Streit bei Kindern - So begleitest du Konflikte richtig | REDEZEIT FÜR DICH #virtualsupporttalks;7
2025-06-24;5.;Wie Du das Kopfkino stoppen und Deine psychische Gesundheit verbessern kannst | REDEZEIT FÜR DICH #virtualsupporttalks;6
2025-06-24;6.;Mattering – Warum es so wichtig ist, sich wertgeschätzt zu fühlen | REDEZEIT FÜR DICH #virtualsupporttalks;5
2025-06-24;7.;Worst Case! Die Kunst des Umgangs mit Katastrophengedanken | REDEZEIT FÜR DICH #virtualsupporttalks;5
2025-06-24;8.;Erzeugen von Zuversicht und Mut: Wie wir in herausfordernden Zeiten mental gesund bleiben können | REDEZEIT FÜR DICH #virtualsupporttalks;2
2025-06-24;9.;Ich höre zu! | REDEZEIT FÜR DICH #virtualsupporttalks;2
2025-06-24;10.;Lass uns über emotionale Erschöpfung reden | REDEZEIT FÜR DICH #virtualsupporttalks;2
2025-06-24;11.;Willkommen bei REDEZEIT FÜR FAMILIE! | REDEZEIT FÜR DICH #virtualsupporttalks;2
2025-06-24;12.;Über uns | REDEZEIT FÜR DICH #virtualsupporttalks;2
2025-06-24;13.;Ищете разговорное время? | REDEZEIT FÜR DICH #virtualsupporttalks;2
2025-06-24;14.;BDKV | REDEZEIT FÜR DICH #virtualsupporttalks;1
2025-06-24;15.;Der Herbst zwischen Melancholie und Neubeginn | REDEZEIT FÜR DICH #virtualsupporttalks;1
2025-06-24;16.;Fragen und Antworten | REDEZEIT FÜR DICH #virtualsupporttalks;1
2025-06-24;17.;Resilienz – das Immunsystem der Seele | REDEZEIT FÜR DICH #virtualsupporttalks;1
2025-06-24;18.;Spenden | REDEZEIT FÜR DICH #virtualsupporttalks;1
2025-06-24;19.;Studie zur mentalen Gesundheit: Mit Reden zu mehr Glück | REDEZEIT FÜR DICH #virtualsupporttalks;1
2025-06-24;20.;Wichtige Nummern und Anlaufstellen | REDEZEIT FÜR DICH #virtualsupporttalks;1
2025-06-24;1.;Ich brauche Redezeit. | REDEZEIT FÜR DICH #virtualsupporttalks;20
2025-06-24;2.;Willkommen | REDEZEIT FÜR DICH #virtualsupporttalks;13
2025-06-24;3.;Warum das Emotionsrad dein Verständnis für Gefühle vertiefen kann | REDEZEIT FÜR DICH #virtualsupporttalks;11
2025-06-24;4.;Streit bei Kindern - So begleitest du Konflikte richtig | REDEZEIT FÜR DICH #virtualsupporttalks;7
2025-06-24;5.;Wie Du das Kopfkino stoppen und Deine psychische Gesundheit verbessern kannst | REDEZEIT FÜR DICH #virtualsupporttalks;6
2025-06-24;6.;Mattering – Warum es so wichtig ist, sich wertgeschätzt zu fühlen | REDEZEIT FÜR DICH #virtualsupporttalks;5
2025-06-24;7.;Worst Case! Die Kunst des Umgangs mit Katastrophengedanken | REDEZEIT FÜR DICH #virtualsupporttalks;5
2025-06-24;8.;Erzeugen von Zuversicht und Mut: Wie wir in herausfordernden Zeiten mental gesund bleiben können | REDEZEIT FÜR DICH #virtualsupporttalks;2
2025-06-24;9.;Ich höre zu! | REDEZEIT FÜR DICH #virtualsupporttalks;2
2025-06-24;10.;Lass uns über emotionale Erschöpfung reden | REDEZEIT FÜR DICH #virtualsupporttalks;2
2025-06-24;11.;Willkommen bei REDEZEIT FÜR FAMILIE! | REDEZEIT FÜR DICH #virtualsupporttalks;2
2025-06-24;12.;Über uns | REDEZEIT FÜR DICH #virtualsupporttalks;2
2025-06-24;13.;Ищете разговорное время? | REDEZEIT FÜR DICH #virtualsupporttalks;2
2025-06-24;14.;BDKV | REDEZEIT FÜR DICH #virtualsupporttalks;1
2025-06-24;15.;Der Herbst zwischen Melancholie und Neubeginn | REDEZEIT FÜR DICH #virtualsupporttalks;1
2025-06-24;16.;Fragen und Antworten | REDEZEIT FÜR DICH #virtualsupporttalks;1
2025-06-24;17.;Resilienz – das Immunsystem der Seele | REDEZEIT FÜR DICH #virtualsupporttalks;1
2025-06-24;18.;Spenden | REDEZEIT FÜR DICH #virtualsupporttalks;1
2025-06-24;19.;Studie zur mentalen Gesundheit: Mit Reden zu mehr Glück | REDEZEIT FÜR DICH #virtualsupporttalks;1
2025-06-24;20.;Wichtige Nummern und Anlaufstellen | REDEZEIT FÜR DICH #virtualsupporttalks;1
